/*

-- newsList
INSERT INTO `labweb`.`newslist` (`htmlid`,`pid`, `id`, `title`, `date_created`,`titleImage`) VALUES ('133','1', '1', 'JAVA', '2017-08-09 00:00:00','http://www.shiyanshi.com/123.jpg');
INSERT INTO `labweb`.`newslist` (`htmlid`,`pid`, `id`, `title`, `date_created`,`titleImage`) VALUES ('134','1', '1', 'JAVA', '2017-08-09 00:00:00','http://www.shiyanshi.com/123.jpg');
INSERT INTO `labweb`.`newslist` (`htmlid`,`pid`, `id`, `title`, `date_created`,`titleImage`) VALUES ('135','1', '1', 'JAVA', '2017-08-09 00:00:00','http://www.shiyanshi.com/123.jpg');
INSERT INTO `labweb`.`newslist` (`htmlid`,`pid`, `id`, `title`, `date_created`,`titleImage`) VALUES ('136','1', '1', 'JAVA', '2017-08-09 00:00:00','http://www.shiyanshi.com/123.jpg');
INSERT INTO `labweb`.`newslist` (`htmlid`,`pid`, `id`, `title`, `date_created`,`titleImage`) VALUES ('137','1', '1', 'JAVA', '2017-08-09 00:00:00','http://www.shiyanshi.com/123.jpg');
INSERT INTO `labweb`.`newslist` (`htmlid`,`pid`, `id`, `title`, `date_created`,`titleImage`) VALUES ('138','1', '1', 'JAVA', '2017-08-09 00:00:00','http://www.shiyanshi.com/123.jpg');
INSERT INTO `labweb`.`newslist` (`htmlid`,`pid`, `id`, `title`, `date_created`,`titleImage`) VALUES ('139','1', '1', 'JAVA', '2017-08-09 00:00:00','http://www.shiyanshi.com/123.jpg');
INSERT INTO `labweb`.`newslist` (`htmlid`,`pid`, `id`, `title`, `date_created`,`titleImage`) VALUES ('141','1', '1', 'JAVA', '2017-08-09 00:00:00','http://www.shiyanshi.com/123.jpg');
INSERT INTO `labweb`.`newslist` (`htmlid`,`pid`, `id`, `title`, `date_created`,`titleImage`) VALUES ('143','1', '1', 'JAVA', '2017-08-09 00:00:00','http://www.shiyanshi.com/123.jpg');
INSERT INTO `labweb`.`newslist` (`htmlid`,`pid`, `id`, `title`, `date_created`,`titleImage`) VALUES ('153','1', '1', 'JAVA', '2017-08-09 00:00:00','http://www.shiyanshi.com/123.jpg');
INSERT INTO `labweb`.`newslist` (`htmlid`,`pid`, `id`, `title`, `date_created`,`titleImage`) VALUES ('163','1', '1', 'JAVA', '2017-08-09 00:00:00','http://www.shiyanshi.com/123.jpg');
INSERT INTO `labweb`.`newslist` (`htmlid`,`pid`, `id`, `title`, `date_created`,`titleImage`) VALUES ('173','1', '1', 'JAVA', '2017-08-09 00:00:00','http://www.shiyanshi.com/123.jpg');

-- news
INSERT INTO `labweb`.`news` (`htmlid`,`count`, `publisher`, `title`,`type`,`abstractText`,`content`, `date_created`) VALUES ('133',1, 'admin', '标题', '类型','摘要','信息与通信工程学院成立大会在清水河校区图书馆求实厅隆重举行。中国工程院院士李乐民、校党委书记王亚非、副校长熊彩东、党委常委、组织部部长武好明及学院教职员工和学生代表参与本次大会，大会由副校长徐红兵主持。','2017-08-09 00:00:00');
INSERT INTO `labweb`.`news` (`htmlid`,`count`, `publisher`, `title`,`type`,`abstractText`,`content`, `date_created`) VALUES ('134',1, 'admin', '标题', '类型','信息与通信工程学院成立大会在清水河校区图书馆求实厅隆重举行。中国工程院院士李乐民、校党委书记王亚非、副校长熊彩东、党委常委、组织部部长武好明及学院教职员工和学生代表参与本次大会，大会由副校长徐红兵主持。','内容','2017-08-09 00:00:00');
INSERT INTO `labweb`.`news` (`htmlid`,`count`, `publisher`, `title`,`type`,`abstractText`,`content`, `date_created`) VALUES ('135',1, 'admin', '标题', '类型','摘要','内容','2017-08-09 00:00:00');
INSERT INTO `labweb`.`news` (`htmlid`,`count`, `publisher`, `title`,`type`,`abstractText`,`content`, `date_created`) VALUES ('136',1, 'admin', '标题', '类型','摘要','信息与通信工程学院成立大会在清水河校区图书馆求实厅隆重举行。中国工程院院士李乐民、校党委书记王亚非、副校长熊彩东、党委常委、组织部部长武好明及学院教职员工和学生代表参与本次大会，大会由副校长徐红兵主持。','2017-08-09 00:00:00');
INSERT INTO `labweb`.`news` (`htmlid`,`count`, `publisher`, `title`,`type`,`abstractText`,`content`, `date_created`) VALUES ('137',1, 'admin', '标题', '类型','摘要','信息与通信工程学院成立大会在清水河校区图书馆求实厅隆重举行。中国工程院院士李乐民、校党委书记王亚非、副校长熊彩东、党委常委、组织部部长武好明及学院教职员工和学生代表参与本次大会，大会由副校长徐红兵主持。','2017-08-09 00:00:00');
INSERT INTO `labweb`.`news` (`htmlid`,`count`, `publisher`, `title`,`type`,`abstractText`,`content`, `date_created`) VALUES ('138',1, 'admin', '标题', '类型','摘要','内容','2017-08-09 00:00:00');
INSERT INTO `labweb`.`news` (`htmlid`,`count`, `publisher`, `title`,`type`,`abstractText`,`content`, `date_created`) VALUES ('139',1, 'admin', '标题', '类型','摘要','内容','2017-08-09 00:00:00');
INSERT INTO `labweb`.`news` (`htmlid`,`count`, `publisher`, `title`,`type`,`abstractText`,`content`, `date_created`) VALUES ('143',1, 'admin', '标题', '类型','摘要','内容','2017-08-09 00:00:00');
INSERT INTO `labweb`.`news` (`htmlid`,`count`, `publisher`, `title`,`type`,`abstractText`,`content`, `date_created`) VALUES ('141',1, 'admin', '标题', '类型','摘要','信息与通信工程学院成立大会在清水河校区图书馆求实厅隆重举行。中国工程院院士李乐民、校党委书记王亚非、副校长熊彩东、党委常委、组织部部长武好明及学院教职员工和学生代表参与本次大会，大会由副校长徐红兵主持。','2017-08-09 00:00:00');
INSERT INTO `labweb`.`news` (`htmlid`,`count`, `publisher`, `title`,`type`,`abstractText`,`content`, `date_created`) VALUES ('153',1, 'admin', '标题', '类型','摘要','内容','2017-08-09 00:00:00');
INSERT INTO `labweb`.`news` (`htmlid`,`count`, `publisher`, `title`,`type`,`abstractText`,`content`, `date_created`) VALUES ('163',1, 'admin', '标题', '类型','摘要','信息与通信工程学院成立大会在清水河校区图书馆求实厅隆重举行。中国工程院院士李乐民、校党委书记王亚非、副校长熊彩东、党委常委、组织部部长武好明及学院教职员工和学生代表参与本次大会，大会由副校长徐红兵主持。','2017-08-09 00:00:00');
INSERT INTO `labweb`.`news` (`htmlid`,`count`, `publisher`, `title`,`type`,`abstractText`,`content`, `date_created`) VALUES ('173',1, 'admin', '标题', '类型','摘要','内容','2017-08-09 00:00:00');



insert into `user` values(0,'admin','admin','admin,role');
insert into `user` values(1,'role','role','role');

insert into NEWS values(0,1,'ADMIN','HELLO','type','JAVA','HELLO WORLD JAVA','2017-08-09');

insert into NEWSlIST values(345,'3','2','JAVA','2017-08-09');

insert into FtpFile values('aaa.png','倚天屠龙记','金庸','武侠小说','2017-08-09');
*/